{
	"parent": "item/generated",
	"textures": {
		"layer0": "minecraft:item/milk_bucket"
	},
	"overrides": [
		{
			"predicate": {
				"custom_model_data":1
			},
			"model": "item/hkdrinks/vita_lemon_tea"
		},
		{
			"predicate": {
				"custom_model_data":2
			},
			"model": "item/hkdrinks/vitasoy_soya_milk"
		},
		{
			"predicate": {
				"custom_model_data":3
			},
			"model": "item/hkdrinks/vita_malted_soya_milk"
		},
		{
			"predicate": {
				"custom_model_data":4
			},
			"model": "item/hkdrinks/yeung_gwong_lemon_tea"
		},
		{
			"predicate": {
				"custom_model_data":5
			},
			"model": "item/hkdrinks/vita_chocolate_milk"
		},
		{
			"predicate": {
				"custom_model_data":6
			},
			"model": "item/hkdrinks/tao_ti_mandarin_lemon"
		},
		{
			"predicate": {
				"custom_model_data":7
			},
			"model": "item/hkdrinks/vita_mango_juice"
		},
		{
			"predicate": {
				"custom_model_data":8
			},
			"model": "item/hkdrinks/yeung_gwong_mango_juice"
		},
		{
			"predicate": {
				"custom_model_data":9
			},
			"model": "item/hkdrinks/vita_guava_juice"
		},
		{
			"predicate": {
				"custom_model_data":10
			},
			"model": "item/hkdrinks/yeung_gwong_pineapple_juice"
		},
		{
			"predicate": {
				"custom_model_data":11
			},
			"model": "item/hkdrinks/yeung_gwong_melon_soya_milk"
		},
		{
			"predicate": {
				"custom_model_data":12
			},
			"model": "item/hkdrinks/yeung_gwong_mandarin_tea"
		},
		{
			"predicate": {
				"custom_model_data":13
			},
			"model": "item/hkdrinks/vita_red_bean_soya_milk"
		},
		{
			"predicate": {
				"custom_model_data":14
			},
			"model": "item/hkdrinks/yeung_gwong_peach_tea"
		},
		{
			"predicate": {
				"custom_model_data":15
			},
			"model": "item/hkdrinks/tao_ti_supreme_oolong_tea"
		},
		{
			"predicate": {
				"custom_model_data":16
			},
			"model": "item/hkdrinks/tao_ti_supreme_meta_tea"
		},
		{
			"predicate": {
				"custom_model_data":17
			},
			"model": "item/hkdrinks/tao_ti_meta_green_tea"
		},
		{
			"predicate": {
				"custom_model_data":18
			},
			"model": "item/hkdrinks/tao_ti_supreme_white_tea"
		},
		{
			"predicate": {
				"custom_model_data":19
			},
			"model": "item/hkdrinks/hung_fook_tong_passion_fruit_with_honey"
		},
		{
			"predicate": {
				"custom_model_data":20
			},
			"model": "item/hkdrinks/hung_fook_tong_salted_mandarin"
		},
		{
			"predicate": {
				"custom_model_data":21
			},
			"model": "item/hkdrinks/vita_chocolate_soya_milk"
		},
		{
			"predicate": {
				"custom_model_data":22
			},
			"model": "item/hkdrinks/vita_vanilla_soya_milk"
		},
		{
			"predicate": {
				"custom_model_data":23
			},
			"model": "item/hkdrinks/vita_sweet_potato_soya_milk"
		},
		{
			"predicate": {
				"custom_model_data":24
			},
			"model": "item/hkdrinks/vita_orange_chocolate_soya_milk"
		},
		{
			"predicate": {
				"custom_model_data":25
			},
			"model": "item/hkdrinks/vita_ginger_soya_milk"
		},
		{
			"predicate": {
				"custom_model_data":26
			},
			"model": "item/hkdrinks/vita_sugarcane_juice"
		},
		{
			"predicate": {
				"custom_model_data":27
			},
			"model": "item/hkdrinks/yeung_gwong_sugarcane_juice"
		},
		{
			"predicate": {
				"custom_model_data":28
			},
			"model": "item/hkdrinks/vita_imperatae_cane"
		},
		{
			"predicate": {
				"custom_model_data":29
			},
			"model": "item/hkdrinks/hung_fook_tong_mandarin_juice_with_aloe"
		},
		{
			"predicate": {
				"custom_model_data":30
			},
			"model": "item/hkdrinks/vita_apple_green_tea"
		},
		{
			"predicate": {
				"custom_model_data":31
			},
			"model": "item/hkdrinks/vita_apple_mango_tea"
		},
		{
			"predicate": {
				"custom_model_data":32
			},
			"model": "item/hkdrinks/yeung_gwong_apple_juice"
		},
		{
			"predicate": {
				"custom_model_data":33
			},
			"model": "item/hkdrinks/healthworks_hawhorn_apple_drink"
		},
		{
			"predicate": {
				"custom_model_data":34
			},
			"model": "item/hkdrinks/vita_chinese_pear_tea"
		},
		{
			"predicate": {
				"custom_model_data":35
			},
			"model": "item/hkdrinks/healthworks_rock_sugar_with_pear"
		},
		{
			"predicate": {
				"custom_model_data":36
			},
			"model": "item/hkdrinks/vita_blackcurrant_juice"
		},
		{
			"predicate": {
				"custom_model_data":37
			},
			"model": "item/hkdrinks/vita_lychee_love_tea"
		},
		{
			"predicate": {
				"custom_model_data":38
			},
			"model": "item/hkdrinks/vita_mint_chocolate_soya_milk"
		},
		{
			"predicate": {
				"custom_model_data":39
			},
			"model": "item/hkdrinks/vita_tiramisu_drink_girl"
		},
		{
			"predicate": {
				"custom_model_data":40
			},
			"model": "item/hkdrinks/vita_tiramisu_drink_boy"
		},
		{
			"predicate": {
				"custom_model_data":41
			},
			"model": "item/hkdrinks/tao_ti_grape_juice"
		},
		{
			"predicate": {
				"custom_model_data":42
			},
			"model": "item/hkdrinks/vita_cookies_cream_soya_milk"
		},
		{
			"predicate": {
				"custom_model_data":43
			},
			"model": "item/hkdrinks/vitasoy_go_banana_pancake"
		},
		{
			"predicate": {
				"custom_model_data":44
			},
			"model": "item/hkdrinks/vita_strawberry_soya_milk"
		},
		{
			"predicate": {
				"custom_model_data":45
			},
			"model": "item/hkdrinks/tao_ti_honey_green_tea"
		},
		{
			"predicate": {
				"custom_model_data":46
			},
			"model": "item/hkdrinks/vita_honey_lime_drink"
		},
		{
			"predicate": {
				"custom_model_data":47
			},
			"model": "item/hkdrinks/yeung_gwong_orange_juice"
		},
		{
			"predicate": {
				"custom_model_data":48
			},
			"model": "item/hkdrinks/vita_chrysanthemum_tea"
		},
		{
			"predicate": {
				"custom_model_data":49
			},
			"model": "item/hkdrinks/yeung_gwong_chrysanthemum_tea"
		},
		{
			"predicate": {
				"custom_model_data":50
			},
			"model": "item/hkdrinks/vita_coconut_soya_milk"
		},
		{
			"predicate": {
				"custom_model_data":51
			},
			"model": "item/hkdrinks/yeung_gwong_coconut_soya_milk"
		},
		{
			"predicate": {
				"custom_model_data":52
			},
			"model": "item/hkdrinks/yeung_gwong_honey_lychee_tea"
		},
		{
			"predicate": {
				"custom_model_data":53
			},
			"model": "item/hkdrinks/hung_fook_tong_ginseng_with_honey"
		},
		{
			"predicate": {
				"custom_model_data":54
			},
			"model": "item/hkdrinks/vita_icy_pink_grapefruit_tea"
		}
	]
}