{
	"credit": "Made with Blockbench",
	"textures": {
		"0": "item/hkdrinks/vita_lemon_tea",
		"particle": "item/hkdrinks/vita_lemon_tea"
	},
	"elements": [
		{
			"from": [6, 0, 7],
			"to": [10, 6, 9.5],
			"shade": false,
			"rotation": {"angle": 0, "axis": "y", "origin": [8, 3, 8]},
			"faces": {
				"north": {"uv": [2, 2, 6, 8], "texture": "#0"},
				"east": {"uv": [0, 2, 2, 8], "texture": "#0"},
				"south": {"uv": [8, 2, 12, 8], "texture": "#0"},
				"west": {"uv": [6, 2, 8, 8], "texture": "#0"},
				"up": {"uv": [2, 0, 6, 2], "rotation": 180, "texture": "#0"},
				"down": {"uv": [6, 0, 10, 2], "texture": "#0"}
			}
		}
	],
	"display": {
		"thirdperson_righthand": {
			"rotation": [0, -90, 0],
			"translation": [-1.5, 4, 2.5]
		},
		"thirdperson_lefthand": {
			"rotation": [0, -90, 0],
			"translation": [-1.5, 4, 2.5]
		},
		"firstperson_righthand": {
			"rotation": [-25, -60, 0],
			"translation": [0, 7.25, 0]
		},
		"firstperson_lefthand": {
			"rotation": [-25, -60, 0],
			"translation": [0, 7.25, 0]
		},
		"ground": {
			"translation": [0, 5, 0]
		},
		"gui": {
			"rotation": [10, -25, 0],
			"translation": [0.25, 10.5, 0],
			"scale": [2.2, 2.2, 2.2]
		},
		"fixed": {
			"rotation": [-90, 0, 0],
			"translation": [0, 0, -19],
			"scale": [2.5, 2.5, 2.5]
		}
	}
}