{
	"credit": "Made with Blockbench",
	"texture_size": [32, 32],
	"textures": {
		"0": "item/hkdrinks/vita_lychee_love_tea",
		"particle": "item/hkdrinks/vita_lychee_love_tea"
	},
	"elements": [
		{
			"from": [7, 10, 7],
			"to": [9, 12, 9],
			"rotation": {"angle": 0, "axis": "y", "origin": [8, 11.27164, 8]},
			"faces": {
				"north": {"uv": [9.625, 1.625, 11.1875, 3.1875], "texture": "#0"},
				"east": {"uv": [14.375, 1.625, 16, 3.1875], "texture": "#0"},
				"south": {"uv": [12.8125, 1.625, 14.375, 3.1875], "texture": "#0"},
				"west": {"uv": [11.1875, 1.625, 12.8125, 3.1875], "texture": "#0"},
				"up": {"uv": [12.8125, 1.625, 11.1875, 0], "texture": "#0"}
			}
		},
		{
			"from": [6, 0, 6],
			"to": [10, 10, 10],
			"rotation": {"angle": 0, "axis": "y", "origin": [7.99988, 10.16427, 7.99988]},
			"faces": {
				"north": {"uv": [0, 3.1875, 3.1875, 11.1875], "texture": "#0"},
				"east": {"uv": [9.625, 3.1875, 12.8125, 11.1875], "texture": "#0"},
				"south": {"uv": [6.375, 3.1875, 9.5625, 11.1875], "texture": "#0"},
				"west": {"uv": [3.1875, 3.1875, 6.375, 11.1875], "texture": "#0"},
				"up": {"uv": [6.4375, 0, 3.1875, 3.1875], "texture": "#0"},
				"down": {"uv": [9.625, 0, 6.375, 3.1875], "texture": "#0"}
			}
		}
	],
	"display": {
		"thirdperson_righthand": {
			"translation": [-1, 0.25, 1.25],
			"scale": [0.75, 0.75, 0.75]
		},
		"thirdperson_lefthand": {
			"translation": [-1, 0.25, 1.25],
			"scale": [0.75, 0.75, 0.75]
		},
		"firstperson_righthand": {
			"rotation": [-25, -60, 0],
			"translation": [4.75, 0.75, 0]
		},
		"firstperson_lefthand": {
			"rotation": [-25, -60, 0],
			"translation": [4.75, 0.75, 0]
		},
		"ground": {
			"translation": [0, 5, 0]
		},
		"gui": {
			"translation": [0, 2, 0],
			"scale": [1.25, 1.25, 1.25]
		},
		"fixed": {
			"rotation": [-90, 0, 0],
			"translation": [0, 0, -11],
			"scale": [2, 2, 2]
		}
	}
}