{
	"credit": "Made with Blockbench",
	"texture_size": [128, 128],
	"textures": {
		"0": "item/hkdrinks/hung_fook_tong_passion_fruit_with_honey",
		"particle": "item/hkdrinks/hung_fook_tong_passion_fruit_with_honey"
	},
	"elements": [
		{
			"from": [6, 0, 6],
			"to": [10, 11, 10],
			"rotation": {"angle": 0, "axis": "y", "origin": [7.99988, 7.16427, 7.99988]},
			"faces": {
				"north": {"uv": [0, 3.1875, 3.1875, 12], "texture": "#0"},
				"east": {"uv": [9.625, 3.1875, 12.8125, 12], "texture": "#0"},
				"south": {"uv": [6.375, 3.1875, 9.625, 12], "texture": "#0"},
				"west": {"uv": [3.1875, 3.1875, 6.375, 12], "texture": "#0"},
				"up": {"uv": [3.1875, 0, 6.375, 3.1875], "texture": "#0"},
				"down": {"uv": [6.43725, 0, 9.62475, 3.1875], "texture": "#0"}
			}
		},
		{
			"from": [7, 11, 7],
			"to": [9, 13, 9],
			"rotation": {"angle": 0, "axis": "y", "origin": [8, 12.27164, 8]},
			"faces": {
				"north": {"uv": [0, 14.375, 1.5625, 16], "texture": "#0"},
				"east": {"uv": [4.8125, 14.375, 6.375, 16], "texture": "#0"},
				"south": {"uv": [3.1875, 14.375, 4.8125, 16], "texture": "#0"},
				"west": {"uv": [1.625, 14.375, 3.1875, 16], "texture": "#0"},
				"up": {"uv": [3.1875, 14.375, 1.625, 12.8125], "texture": "#0"}
			}
		}
	],
	"display": {
		"thirdperson_righthand": {
			"translation": [-1, 0.25, 1.25],
			"scale": [0.75, 0.75, 0.75]
		},
		"thirdperson_lefthand": {
			"translation": [-1, 0.25, 1.25],
			"scale": [0.75, 0.75, 0.75]
		},
		"firstperson_righthand": {
			"rotation": [-25, -60, 0],
			"translation": [4.75, -0.5, 0]
		},
		"firstperson_lefthand": {
			"rotation": [-25, -60, 0],
			"translation": [4.75, -0.5, 0]
		},
		"ground": {
			"translation": [0, 5, 0]
		},
		"gui": {
			"translation": [0, 1, 0],
			"scale": [1.1, 1.1, 1.1]
		},
		"fixed": {
			"translation": [-0.25, 1.5, 0],
			"scale": [1.25, 1.25, 1.25]
		}
	}
}